age,gender,cp,trestbps,chol,fbs,restecg,thalach,exang,oldpeak,slope,ca,thal,prediction,timestamp
67,male,2,129,442,0,0,181,0,2.8,1,0,1,yes,2026-09-05T20:16:42.896963+00:00
57,female,3,112,429,1,2,187,0,5.2,1,0,2,yes,2026-09-05T20:16:42.927690+00:00
43,female,0,183,272,0,1,139,0,4.8,2,0,1,yes,2026-09-05T20:16:42.994845+00:00
71,female,2,160,129,0,1,169,1,0.4,2,0,1,yes,2026-09-05T20:16:43.026211+00:00
36,male,1,112,160,1,1,95,0,0.3,1,1,2,yes,2026-09-05T20:16:43.099599+00:00
49,male,0,113,317,0,0,193,1,3.8,1,4,1,no,2026-09-05T20:16:43.127848+00:00
67,male,0,189,174,1,1,123,1,2.2,0,2,2,no,2026-09-05T20:16:43.191774+00:00
47,male,0,164,142,1,2,127,0,1.3,1,2,1,no,2026-09-05T20:16:43.221034+00:00
51,female,2,145,297,1,1,109,0,3.6,1,2,2,yes,2026-09-05T20:16:43.287080+00:00
39,male,1,198,345,0,1,179,0,2.1,2,2,0,yes,2026-09-05T20:16:43.317005+00:00
39,male,0,126,283,0,2,112,0,3.3,1,1,3,no,2026-09-05T20:16:43.343994+00:00
52,male,3,133,171,1,1,192,1,2.9,0,3,2,yes,2026-09-05T20:16:43.403417+00:00
64,male,0,132,498,1,0,145,0,3.6,1,4,2,no,2026-09-05T20:16:43.432678+00:00
68,male,0,175,131,0,0,146,0,2.5,2,0,3,no,2026-09-05T20:16:43.500059+00:00
52,female,2,197,224,1,0,79,0,4.3,2,3,2,yes,2026-09-05T20:16:43.619776+00:00
31,male,2,94,505,1,2,144,0,1.1,1,2,2,yes,2026-09-05T20:16:43.649156+00:00
50,female,1,104,358,1,1,77,0,4.3,2,3,1,no,2026-09-05T20:16:43.697387+00:00
30,male,3,185,162,0,0,97,0,2.6,0,4,3,no,2026-09-05T20:16:43.736660+00:00
52,female,2,150,405,0,2,192,1,5.4,0,0,0,yes,2026-09-05T20:16:43.800028+00:00
72,male,0,182,474,0,1,75,1,3.2,1,0,2,no,2026-09-05T20:16:43.832876+00:00
58,male,1,143,427,1,2,99,0,6.0,1,4,3,no,2026-09-05T20:16:43.893259+00:00
66,female,0,116,306,1,0,153,0,3.7,1,4,1,no,2026-09-05T20:16:43.925655+00:00
30,female,0,124,220,1,0,179,0,1.4,2,2,0,yes,2026-09-05T20:16:43.990520+00:00
49,female,2,187,224,0,0,135,1,5.1,0,0,3,no,2026-09-05T20:16:44.024912+00:00
61,male,1,135,313,1,2,156,0,2.1,0,3,0,no,2026-09-05T20:16:44.087119+00:00
40,female,3,192,241,1,2,141,1,2.2,2,1,0,yes,2026-09-05T20:16:44.122642+00:00
50,male,3,100,316,1,0,115,0,0.2,0,1,0,yes,2026-09-05T20:16:44.155368+00:00
72,male,2,109,378,1,2,202,0,3.4,1,4,2,no,2026-09-05T20:16:44.218075+00:00
53,female,2,183,541,0,0,106,0,3.3,1,2,2,yes,2026-09-05T20:16:44.242922+00:00
77,female,1,153,286,0,0,140,0,2.2,1,1,1,yes,2026-09-05T20:16:44.299692+00:00
55,male,3,95,381,1,1,89,1,5.5,0,0,1,no,2026-09-05T20:16:44.334836+00:00
70,male,3,94,448,0,2,178,1,0.8,1,4,3,yes,2026-09-05T20:16:44.398157+00:00
56,female,3,141,253,0,0,161,0,2.0,2,3,1,yes,2026-09-05T20:16:44.432232+00:00
44,female,0,105,143,1,0,160,0,2.0,2,4,0,yes,2026-09-05T20:16:44.496404+00:00
43,female,3,162,406,1,2,89,1,0.6,0,3,0,no,2026-09-05T20:16:44.529188+00:00
75,male,0,130,348,0,1,109,1,3.0,2,4,2,no,2026-09-05T20:16:44.591842+00:00
72,male,1,125,179,1,1,196,1,4.3,2,4,0,no,2026-09-05T20:16:44.628492+00:00
31,male,0,102,183,0,0,196,1,3.2,0,4,3,no,2026-09-05T20:16:44.690625+00:00
65,male,1,198,448,1,2,128,0,1.0,1,3,0,no,2026-09-05T20:16:44.725258+00:00
35,male,3,192,485,0,1,131,1,2.3,1,3,0,no,2026-09-05T20:16:44.786186+00:00
49,male,3,112,299,1,2,197,0,0.0,1,4,3,yes,2026-09-05T20:16:44.824606+00:00
37,female,1,141,405,0,2,175,1,5.4,0,1,1,no,2026-09-05T20:16:44.885815+00:00
67,male,2,173,239,0,0,71,1,0.5,2,2,1,no,2026-09-05T20:16:44.920736+00:00
46,male,1,96,413,0,1,201,1,3.7,1,2,3,no,2026-09-05T20:16:44.985722+00:00
32,male,2,113,556,1,0,162,1,6.1,1,2,2,yes,2026-09-05T20:16:45.020201+00:00
53,female,0,117,467,0,1,183,1,3.3,0,3,0,no,2026-09-05T20:16:45.045789+00:00
42,male,0,147,276,0,1,126,0,5.7,1,3,3,no,2026-09-05T20:16:45.101191+00:00
37,male,0,126,252,1,1,187,0,1.5,0,1,0,yes,2026-09-05T20:16:45.140562+00:00
54,female,3,117,280,1,1,128,1,4.7,2,2,2,yes,2026-09-05T20:16:45.218582+00:00
30,male,0,168,511,0,1,114,1,3.3,0,2,0,no,2026-09-05T20:16:45.246789+00:00
48,male,2,165,398,0,2,131,0,4.5,0,4,3,no,2026-09-05T20:16:45.320923+00:00
56,male,0,129,229,1,0,117,1,0.4,0,3,0,no,2026-09-05T20:16:45.346072+00:00
75,male,1,131,542,1,2,150,1,0.9,0,2,1,no,2026-09-05T20:16:45.413955+00:00
35,male,1,197,518,1,1,188,0,0.8,2,1,2,yes,2026-09-05T20:16:45.444640+00:00
72,female,3,177,424,1,0,90,1,4.3,2,1,2,yes,2026-09-05T20:16:45.516864+00:00
36,female,1,192,371,1,1,117,1,5.2,1,2,2,no,2026-09-05T20:16:45.586373+00:00
75,female,2,182,301,0,0,119,0,4.6,2,3,3,no,2026-09-05T20:16:45.626406+00:00
63,male,0,192,164,1,2,84,0,0.2,2,1,2,no,2026-09-05T20:16:45.686639+00:00
42,male,3,118,295,0,0,71,0,5.4,1,4,1,no,2026-09-05T20:16:45.720577+00:00
45,male,0,186,372,0,0,187,1,2.2,2,1,3,no,2026-09-05T20:16:45.786228+00:00
64,female,0,111,151,0,0,124,0,2.5,0,0,1,yes,2026-09-05T20:16:45.823641+00:00
68,male,2,175,480,1,0,188,0,0.7,0,0,0,yes,2026-09-05T20:16:45.850705+00:00
32,male,1,159,431,0,0,73,0,4.6,1,3,0,no,2026-09-05T20:16:45.918108+00:00
30,female,1,147,534,0,1,82,0,1.1,1,2,0,yes,2026-09-05T20:16:45.943584+00:00
34,male,0,128,533,1,0,144,0,3.5,1,3,0,no,2026-09-05T20:16:46.017110+00:00
70,female,3,173,138,0,0,86,0,5.2,0,3,1,no,2026-09-05T20:16:46.043588+00:00
32,female,1,154,441,0,2,172,1,0.6,2,3,3,yes,2026-09-05T20:16:46.112701+00:00
57,female,3,134,516,1,0,187,1,3.3,0,3,3,no,2026-09-05T20:16:46.140758+00:00
46,male,1,193,438,0,2,78,0,1.4,1,4,2,no,2026-09-05T20:16:46.196902+00:00
54,male,3,126,161,0,1,192,0,2.1,2,4,1,yes,2026-09-05T20:16:46.231088+00:00
72,male,2,161,298,0,0,162,0,2.9,2,1,0,yes,2026-09-05T20:16:46.293106+00:00
62,male,3,126,145,1,2,160,1,2.2,0,0,1,yes,2026-09-05T20:16:46.334053+00:00
38,male,2,107,446,1,2,130,1,4.0,1,3,2,no,2026-09-05T20:16:46.396679+00:00
64,male,2,114,389,1,1,98,1,3.0,0,1,2,no,2026-09-05T20:16:46.429419+00:00
42,male,3,141,525,0,0,171,1,3.6,2,0,1,yes,2026-09-05T20:16:46.490038+00:00
59,female,2,113,267,0,0,111,1,4.6,0,2,1,no,2026-09-05T20:16:46.523982+00:00
76,male,0,101,496,1,2,116,1,3.5,0,4,1,no,2026-09-05T20:16:46.592706+00:00
43,female,2,100,268,0,0,105,1,3.6,1,0,3,no,2026-09-05T20:16:46.629410+00:00
36,male,1,160,217,0,2,152,1,3.5,1,2,0,no,2026-09-05T20:16:46.690335+00:00
42,male,3,110,479,1,0,185,1,2.3,2,0,1,yes,2026-09-05T20:16:46.722866+00:00
51,male,0,126,447,1,2,117,0,2.1,0,4,1,no,2026-09-05T20:16:46.783729+00:00
68,female,3,141,413,0,0,80,0,5.6,0,4,1,no,2026-09-05T20:16:46.817459+00:00
49,female,1,169,340,0,1,126,0,3.8,0,1,2,yes,2026-09-05T20:16:46.843402+00:00
44,female,1,152,467,0,0,100,0,1.5,2,3,2,yes,2026-09-05T20:16:46.919043+00:00
73,female,1,179,176,1,0,179,1,3.1,2,0,3,no,2026-09-05T20:16:46.945920+00:00
46,male,2,115,278,1,1,75,1,2.0,1,0,0,no,2026-09-05T20:16:46.999626+00:00
75,female,2,123,311,1,0,189,0,5.8,1,2,3,no,2026-09-05T20:16:47.041578+00:00
52,male,3,131,188,1,1,103,1,0.0,1,4,0,yes,2026-09-05T20:16:47.116047+00:00
54,male,3,195,315,0,0,188,0,1.4,0,0,2,yes,2026-09-05T20:16:47.141266+00:00
53,female,0,144,250,1,2,135,1,2.3,0,4,2,no,2026-09-05T20:16:47.197680+00:00
73,female,0,147,275,1,2,81,0,3.0,1,0,2,no,2026-09-05T20:16:47.231415+00:00
69,female,3,101,439,1,0,155,1,5.3,0,1,3,no,2026-09-05T20:16:47.292364+00:00
57,female,2,120,183,1,0,96,1,0.5,1,3,1,no,2026-09-05T20:16:47.325237+00:00
43,female,1,120,467,1,0,133,0,5.0,2,0,1,yes,2026-09-05T20:16:47.387808+00:00
73,female,3,191,430,0,2,156,1,0.3,1,4,2,yes,2026-09-05T20:16:47.420326+00:00
29,female,0,114,305,0,0,129,0,5.2,2,1,1,no,2026-09-05T20:16:47.444819+00:00
53,female,2,123,295,1,2,97,0,0.3,0,0,1,yes,2026-09-05T20:16:47.514906+00:00
35,male,3,190,451,0,1,168,0,0.1,1,2,3,yes,2026-09-05T20:16:47.539898+00:00
37,female,3,121,396,1,2,175,0,4.3,0,3,0,yes,2026-09-05T20:16:47.614197+00:00
52,female,2,157,179,1,2,169,1,6.2,2,0,2,yes,2026-09-05T20:16:47.639037+00:00
